<?xml version="1.0" encoding="UTF-8"?>
<!DOCTYPE mapper PUBLIC "-//mybatis.org//DTD Mapper 3.0//EN" "http://mybatis.org/dtd/mybatis-3-mapper.dtd">
<mapper namespace="com.imooc.wx.mapper.SysDrugMapper">

    <resultMap type="com.imooc.wx.entity.SysDrug" id="SysDrugMap">
        <result property="id" column="id" jdbcType="INTEGER"/>
        <result property="drugname" column="drug_name" jdbcType="VARCHAR"/>
        <result property="context" column="context" jdbcType="TEXT"/>
    </resultMap>

    <!--查询单个-->
    <select id="queryById" resultMap="SysDrugMap">
        select
          id, drug_name, context
        from sys_drug
        where id = #{id}
    </select>

    <!--查询指定行数据-->
    <select id="queryAllByLimit" resultMap="SysDrugMap">
        select
          id,  drug_name, context
        from sys_drug
        limit #{offset}, #{limit}
    </select>

    <!--通过实体作为筛选条件查询-->
    <select id="queryAll" resultMap="SysDrugMap">
        select
        id,   drug_name, context
        from sys_drug
        <where>
            <if test="id != null">
                and id = #{id}
            </if>

            <if test="drugName != null and drugName != ''">
                and drug_name = #{drugName}
            </if>
            <if test="context != null and context != ''">
                and context = #{context}
            </if>
        </where>
    </select>

    <!--新增所有列-->
    <insert id="insert" keyProperty="id" useGeneratedKeys="true">
        insert into sys_user(user_name, password)
        values (#{drugname}, #{context})
    </insert>

    <!--通过主键修改数据-->
    <update id="update">
        update sys_drug
        <set>
            <if test="drugname != null and drugName != ''">
                user_drug = #{drugName},
            </if>
            <if test="context != null and context != ''">
                context = #{context},
            </if>
        </set>
        where id = #{id}
    </update>

    <!--通过主键删除-->
    <delete id="deleteById">
        delete from sys_drug where id = #{id}
    </delete>

    <!--根据药品名查询药品-->
    <select id="selectByName" resultMap="SysDrugMap">
        select * from sys_drug where drug_name = #{drugname};
    </select>
</mapper>