<?xml version="1.0" encoding="UTF-8"?>
<!DOCTYPE mapper PUBLIC "-//mybatis.org//DTD Mapper 3.0//EN" "http://mybatis.org/dtd/mybatis-3-mapper.dtd">
<mapper namespace="com.imooc.wx.mapper.SysRequestPathPermissionRelationMapper">

    <resultMap type="com.imooc.wx.entity.SysProject" id="SysProjectMap">
        <result property="id" column="id" jdbcType="INTEGER"/>
        <result property="role_id" column="roleid" jdbcType="INTEGER"/>
        <result property="creat_time" column="creat_time" jdbcType="VARCHER"/>
        <result property="plan" column="plan" jdbcType="VARCHER"/>
        <result property="context" column="plan" jdbcType="TEXT"/>
    </resultMap>

    <!--查询单个-->
    <select id="queryById" resultMap="SysProjectMap">
        select
          id, role_id,creat_time,plan,context
        from sys_project
        where  = #{id}
    </select>

    <!--查询指定行数据-->
    <select id="queryAllByLimit" resultMap="SysProjectMap">
        select
          id, role_id,creat_time,plan,context
        from sys_project
        limit #{offset}, #{limit}
    </select>

    <!--通过实体作为筛选条件查询-->
    <select id="queryAll" resultMap="SysProjectMap">
        select
        id, role_id,creat_time,plan,context
        from sys_project
        <where>
            <if test="id != null">
                and id = #{id}
            </if>
            <if test="role_id != null">
                and role_id = #{role_id}
            </if>
            <if test="creat_time != null">
                and create_time= #{create_time}
            </if>
            <if test="plan != null">
                and plan= #{plan}
            </if>
            <if test="context != null">
                and context= #{context}
            </if>
        </where>
    </select>

    <!--新增所有列-->
    <insert id="insert" keyProperty="id" useGeneratedKeys="true">
        insert into sys_project()
        values (#{id}, #{role_id}, #{create_time},#{plan},#{context})
    </insert>

    <!--通过主键修改数据-->
    <update id="update">
        update sys_project
        <set>
            <if test="id != null">
                id = #{id},
            </if>
            <if test="role_id != null">
                and role_id = #{role_id}
            </if>
            <if test="creat_time != null">
                and create_time= #{create_time}
            </if>
            <if test="plan != null">
                and plan= #{plan}
            </if>
            <if test="context != null">
                and context= #{context}
            </if>
        </set>
        where  = #{id}
    </update>

    <!--通过主键删除-->
    <delete id="deleteById">
        delete from sys_project where  = #{id}
    </delete>

</mapper>
