<?xml version="1.0" encoding="UTF-8"?>
<!DOCTYPE mapper PUBLIC "-//mybatis.org//DTD Mapper 3.0//EN" "http://mybatis.org/dtd/mybatis-3-mapper.dtd">
<mapper namespace="com.imooc.wx.mapper.SysUsermapper">

    <resultMap type="com.imooc.wx.entity.SysUser" id="SysUserMap">
        <result property="id" column="id" jdbcType="INTEGER"/>
        <result property="userName" column="user_name" jdbcType="VARCHAR"/>
        <result property="password" column="password" jdbcType="VARCHAR"/>
    </resultMap>

    <!--查询单个-->
    <select id="queryById" resultMap="SysUserMap">
        select
          id, user_name, password
        from sys_user
        where id = #{id}
    </select>

    <!--查询指定行数据-->
    <select id="queryAllByLimit" resultMap="SysUserMap">
        select
          id,  user_name, password
        from sys_user
        limit #{offset}, #{limit}
    </select>

    <!--通过实体作为筛选条件查询-->
    <select id="queryAll" resultMap="SysUserMap">
        select
        id,  user_name, password
        from sys_user
        <where>
            <if test="id != null">
                and id = #{id}
            </if>

            <if test="userName != null and userName != ''">
                and user_name = #{userName}
            </if>
            <if test="password != null and password != ''">
                and password = #{password}
            </if>
        </where>
    </select>

    <!--新增所有列-->
    <insert id="insert" keyProperty="id" useGeneratedKeys="true">
        insert into sys_user(user_name, password)
        values (#{userName}, #{password})
    </insert>

    <!--通过主键修改数据-->
    <update id="update">
        update sys_user
        <set>
            <if test="userName != null and userName != ''">
                user_name = #{userName},
            </if>
            <if test="password != null and password != ''">
                password = #{password},
            </if>
        </set>
        where id = #{id}
    </update>

    <!--通过主键删除-->
    <delete id="deleteById">
        delete from sys_user where id = #{id}
    </delete>

    <!--根据用户名查询用户-->
    <select id="selectByName" resultMap="SysUserMap">
        select * from sys_user where username = #{userName};
    </select>
</mapper>